home,away,odd of choice,choice,result,Hp,Dp,Ap
Liverpool,Tottenham,2.82,2,0.0,0.2930232558139535,0.2519954389965792,0.6341463414634146
